images,xmin,ymin,xmax,ymax
Cars1.xml,134,128,262,160
Cars10.xml,140,5,303,148
Cars100.xml,175,114,214,131
Cars101.xml,167,202,240,220
Cars102.xml,66,147,322,199
Cars103.xml,230,129,248,134
Cars104.xml,195,266,244,282
Cars105.xml,152,147,206,159
Cars106.xml,138,79,177,92
Cars108.xml,158,216,277,248
Cars109.xml,115,116,278,153
Cars11.xml,131,206,273,234
Cars110.xml,286,133,328,159
Cars111.xml,319,165,478,204
Cars112.xml,49,135,164,191
Cars113.xml,151,113,306,180
Cars114.xml,7,16,493,256
Cars115.xml,315,287,407,311
Cars117.xml,42,126,86,137
Cars118.xml,193,165,394,217
Cars119.xml,187,140,217,153
Cars12.xml,122,82,277,117
Cars120.xml,159,178,250,200
Cars121.xml,336,192,357,204
Cars122.xml,195,147,254,169
Cars123.xml,159,221,237,242
Cars124.xml,305,256,320,267
Cars126.xml,103,99,293,201
Cars127.xml,360,166,383,181
Cars128.xml,112,65,306,173
Cars129.xml,204,213,282,267
Cars13.xml,191,147,242,169
Cars130.xml,91,110,166,140
Cars131.xml,19,29,497,245
Cars132.xml,23,190,56,198
Cars133.xml,247,185,375,223
Cars135.xml,260,184,319,211
Cars136.xml,164,104,245,119
Cars137.xml,178,181,204,191
Cars138.xml,153,141,254,185
Cars139.xml,315,189,337,197
Cars14.xml,94,118,274,163
Cars140.xml,283,239,424,286
Cars141.xml,266,169,307,188
Cars142.xml,178,124,273,144
Cars144.xml,101,114,215,154
Cars145.xml,282,236,422,283
Cars146.xml,143,263,170,271
Cars147.xml,226,125,420,169
Cars148.xml,135,134,218,158
Cars149.xml,212,182,245,203
Cars15.xml,310,146,372,171
Cars150.xml,122,198,262,232
Cars151.xml,54,135,120,178
Cars153.xml,146,118,311,170
Cars154.xml,70,197,264,265
Cars155.xml,150,177,203,190
Cars156.xml,114,78,230,102
Cars157.xml,330,152,366,179
Cars158.xml,97,118,296,210
Cars159.xml,149,184,261,211
Cars16.xml,36,175,62,186
Cars160.xml,209,137,281,174
Cars162.xml,201,168,268,213
Cars163.xml,220,173,360,200
Cars164.xml,160,144,239,183
Cars165.xml,209,217,293,254
Cars166.xml,148,123,201,150
Cars167.xml,176,254,327,285
Cars168.xml,82,95,137,125
Cars169.xml,114,79,229,101
Cars17.xml,306,188,351,205
Cars171.xml,192,146,242,167
Cars172.xml,173,209,301,239
Cars173.xml,170,118,252,163
Cars174.xml,283,159,306,168
Cars175.xml,295,237,456,367
Cars176.xml,72,67,308,185
Cars177.xml,149,166,272,193
Cars178.xml,126,180,173,205
Cars179.xml,72,160,132,197
Cars180.xml,151,115,304,187
Cars181.xml,69,195,128,209
Cars182.xml,168,139,247,159
Cars183.xml,97,138,234,170
Cars184.xml,163,146,212,159
Cars185.xml,154,147,293,194
Cars186.xml,175,152,242,175
Cars187.xml,96,116,287,155
Cars188.xml,32,184,43,193
Cars19.xml,148,195,221,232
Cars190.xml,149,210,245,235
Cars191.xml,96,189,199,217
Cars192.xml,108,150,211,173
Cars193.xml,306,193,344,214
Cars194.xml,267,170,316,183
Cars195.xml,450,223,526,244
Cars196.xml,105,128,130,140
Cars197.xml,222,176,359,201
Cars199.xml,59,88,310,158
Cars2.xml,229,176,270,193
Cars20.xml,18,135,48,152
Cars200.xml,95,189,195,217
Cars201.xml,216,171,367,208
Cars202.xml,197,135,249,159
Cars203.xml,116,112,271,165
Cars204.xml,193,145,279,187
Cars205.xml,156,162,221,199
Cars207.xml,254,229,372,264
Cars208.xml,142,123,232,169
Cars209.xml,359,172,387,186
Cars21.xml,191,165,255,192
Cars210.xml,54,90,315,159
Cars211.xml,28,64,387,235
Cars212.xml,105,94,290,141
Cars213.xml,150,160,233,194
Cars214.xml,188,121,214,134
Cars216.xml,205,214,280,262
Cars217.xml,149,196,223,231
Cars218.xml,0,166,27,188
Cars219.xml,127,172,462,236
Cars22.xml,207,104,260,116
Cars220.xml,142,168,188,182
Cars221.xml,102,122,125,135
Cars222.xml,178,158,235,170
Cars223.xml,347,231,407,249
Cars225.xml,189,161,384,215
Cars226.xml,249,194,318,213
Cars227.xml,118,199,153,211
Cars228.xml,86,127,113,143
Cars229.xml,253,163,284,177
Cars23.xml,143,172,213,211
Cars230.xml,222,173,361,202
Cars231.xml,64,160,133,180
Cars232.xml,175,174,228,201
Cars234.xml,160,149,246,171
Cars235.xml,152,145,247,167
Cars236.xml,223,106,250,119
Cars237.xml,118,148,154,169
Cars238.xml,276,186,396,273
Cars239.xml,176,254,326,284
Cars24.xml,167,202,240,221
Cars240.xml,171,116,232,132
Cars241.xml,126,142,241,199
Cars243.xml,129,174,465,235
Cars244.xml,20,87,360,155
Cars245.xml,91,110,164,138
Cars246.xml,49,163,112,193
Cars247.xml,147,11,300,149
Cars248.xml,184,143,311,191
Cars249.xml,118,91,149,99
Cars25.xml,177,139,216,159
Cars250.xml,132,123,261,160
Cars252.xml,174,237,314,274
Cars253.xml,25,124,64,137
Cars254.xml,166,175,235,207
Cars255.xml,116,156,273,188
Cars256.xml,286,175,400,212
Cars257.xml,167,132,241,166
Cars258.xml,158,184,230,232
Cars259.xml,324,166,475,205
Cars26.xml,258,184,321,213
Cars261.xml,1,74,464,154
Cars262.xml,243,184,285,205
Cars263.xml,129,260,232,290
Cars264.xml,222,300,295,337
Cars265.xml,87,166,216,212
Cars266.xml,11,57,88,76
Cars267.xml,274,118,343,138
Cars268.xml,213,133,271,168
Cars269.xml,110,199,147,217
Cars270.xml,75,173,125,195
Cars271.xml,262,141,318,160
Cars272.xml,170,81,316,121
Cars273.xml,74,132,264,173
Cars274.xml,196,149,253,169
Cars275.xml,99,150,162,167
Cars276.xml,115,116,276,156
Cars277.xml,48,218,72,225
Cars278.xml,278,138,315,163
Cars28.xml,541,366,598,384
Cars280.xml,191,185,213,195
Cars281.xml,151,169,243,183
Cars282.xml,37,145,319,203
Cars283.xml,51,189,79,201
Cars284.xml,70,199,260,271
Cars285.xml,91,111,163,134
Cars286.xml,201,191,288,230
Cars287.xml,148,180,262,213
Cars289.xml,163,140,271,173
Cars29.xml,143,171,211,208
Cars290.xml,224,84,271,118
Cars291.xml,71,205,215,246
Cars292.xml,91,187,137,208
Cars293.xml,64,160,130,181
Cars294.xml,142,117,218,135
Cars295.xml,52,170,73,182
Cars296.xml,163,158,234,196
Cars298.xml,166,148,233,184
Cars299.xml,101,136,270,176
Cars3.xml,142,128,261,157
Cars30.xml,155,169,200,182
Cars300.xml,259,185,317,215
Cars301.xml,205,107,303,135
Cars302.xml,222,98,425,149
Cars303.xml,150,211,247,237
Cars304.xml,143,114,222,156
Cars306.xml,139,282,249,310
Cars307.xml,172,163,437,220
Cars308.xml,159,221,237,241
Cars309.xml,152,122,252,207
Cars31.xml,286,173,400,211
Cars310.xml,241,369,348,417
Cars311.xml,295,166,355,185
Cars312.xml,111,66,518,246
Cars313.xml,176,211,252,246
Cars315.xml,12,98,385,181
Cars316.xml,377,405,476,439
Cars317.xml,164,202,240,220
Cars318.xml,119,117,263,160
Cars319.xml,167,228,232,259
Cars32.xml,200,149,251,167
Cars320.xml,99,225,257,266
Cars321.xml,134,235,169,246
Cars322.xml,274,257,350,297
Cars324.xml,151,138,255,159
Cars325.xml,230,180,262,196
Cars326.xml,141,198,252,230
Cars327.xml,138,126,262,155
Cars328.xml,156,149,248,170
Cars329.xml,166,142,224,176
Cars33.xml,94,56,306,169
Cars330.xml,29,192,57,203
Cars331.xml,164,220,235,240
Cars333.xml,117,157,270,191
Cars334.xml,155,146,211,162
Cars335.xml,156,163,221,198
Cars336.xml,122,195,265,234
Cars337.xml,119,131,136,154
Cars338.xml,297,193,316,205
Cars339.xml,209,135,283,169
Cars34.xml,147,181,260,206
Cars340.xml,270,126,321,143
Cars342.xml,196,148,253,169
Cars343.xml,110,186,162,209
Cars344.xml,240,158,379,217
Cars345.xml,173,143,247,182
Cars346.xml,91,185,197,217
Cars347.xml,227,124,252,135
Cars348.xml,156,121,250,204
Cars349.xml,38,225,146,249
Cars35.xml,91,186,137,208
Cars351.xml,249,48,368,129
Cars352.xml,201,185,217,195
Cars353.xml,93,189,201,221
Cars354.xml,65,202,102,222
Cars355.xml,164,154,239,190
Cars356.xml,241,216,364,275
Cars357.xml,92,187,137,207
Cars358.xml,44,94,107,107
Cars359.xml,228,228,266,240
Cars360.xml,52,167,94,200
Cars361.xml,148,113,305,178
Cars362.xml,139,172,162,179
Cars363.xml,153,169,254,204
Cars364.xml,61,140,115,167
Cars365.xml,293,205,373,226
Cars366.xml,144,112,316,160
Cars367.xml,224,161,382,222
Cars368.xml,173,173,223,203
Cars37.xml,146,114,246,163
Cars370.xml,285,249,425,276
Cars371.xml,313,135,371,150
Cars372.xml,221,275,353,309
Cars373.xml,161,132,264,157
Cars374.xml,354,118,441,142
Cars375.xml,144,114,300,145
Cars376.xml,159,178,252,203
Cars377.xml,177,138,216,161
Cars379.xml,197,197,351,245
Cars38.xml,168,196,240,231
Cars380.xml,316,91,364,126
Cars381.xml,65,131,147,155
Cars382.xml,149,206,285,240
Cars383.xml,54,216,88,228
Cars384.xml,219,194,271,230
Cars385.xml,69,75,310,191
Cars386.xml,83,307,221,368
Cars388.xml,149,130,255,158
Cars389.xml,77,305,222,370
Cars39.xml,225,180,328,213
Cars390.xml,360,118,397,136
Cars391.xml,270,163,320,190
Cars392.xml,144,150,260,209
Cars393.xml,94,171,211,208
Cars394.xml,291,167,410,190
Cars395.xml,241,182,288,205
Cars397.xml,144,169,216,212
Cars398.xml,72,139,196,222
Cars399.xml,106,62,309,161
Cars4.xml,156,82,503,253
Cars40.xml,261,186,317,211
Cars400.xml,303,191,340,217
Cars401.xml,158,223,238,240
Cars402.xml,360,165,438,181
Cars403.xml,296,189,332,209
Cars405.xml,241,207,299,232
Cars406.xml,285,185,374,226
Cars407.xml,311,183,346,202
Cars408.xml,160,217,187,228
Cars409.xml,116,146,203,168
Cars41.xml,109,182,159,206
Cars410.xml,51,150,219,212
Cars411.xml,160,153,249,197
Cars412.xml,221,172,362,202
Cars414.xml,269,206,309,228
Cars415.xml,133,157,261,192
Cars416.xml,150,207,234,221
Cars417.xml,90,145,273,196
Cars418.xml,99,70,303,155
Cars419.xml,195,196,349,242
Cars42.xml,177,140,217,159
Cars420.xml,112,186,160,211
Cars421.xml,95,162,127,183
Cars423.xml,162,159,283,183
Cars424.xml,128,173,461,242
Cars425.xml,211,103,301,132
Cars426.xml,148,206,282,238
Cars427.xml,236,193,375,228
Cars428.xml,142,128,258,157
Cars429.xml,86,166,208,195
Cars43.xml,142,111,319,161
Cars430.xml,38,159,116,197
Cars432.xml,95,258,196,284
Cars44.xml,18,153,430,271
Cars45.xml,204,103,280,175
Cars46.xml,189,193,352,248
Cars47.xml,6,143,48,161
Cars48.xml,95,117,286,155
Cars49.xml,268,171,314,190
Cars5.xml,226,218,242,240
Cars50.xml,116,55,525,262
Cars52.xml,226,181,327,210
Cars53.xml,146,187,260,213
Cars54.xml,148,61,257,118
Cars55.xml,143,171,210,208
Cars56.xml,87,82,339,146
Cars57.xml,270,162,321,195
Cars58.xml,154,166,241,187
Cars59.xml,324,162,375,175
Cars6.xml,112,114,373,239
Cars61.xml,71,124,198,231
Cars62.xml,156,110,243,159
Cars63.xml,54,201,91,226
Cars64.xml,120,187,325,220
Cars65.xml,207,200,300,260
Cars66.xml,144,170,211,202
Cars67.xml,189,223,328,248
Cars68.xml,189,142,245,171
Cars69.xml,77,150,124,175
Cars70.xml,179,115,213,133
Cars71.xml,254,144,284,152
Cars72.xml,156,182,255,208
Cars73.xml,119,22,283,69
Cars74.xml,115,115,277,153
Cars75.xml,209,196,218,201
Cars76.xml,6,114,470,233
Cars77.xml,229,151,309,178
Cars78.xml,149,210,249,239
Cars8.xml,204,104,304,134
Cars80.xml,94,148,279,186
Cars81.xml,297,100,327,125
Cars82.xml,190,59,257,77
Cars83.xml,251,295,326,341
Cars84.xml,167,201,238,220
Cars85.xml,86,218,146,235
Cars86.xml,332,176,447,204
Cars87.xml,3,205,45,220
Cars89.xml,307,206,345,221
Cars9.xml,164,224,272,247
Cars90.xml,77,204,101,225
Cars91.xml,269,170,317,189
Cars92.xml,281,185,393,271
Cars93.xml,347,122,367,132
Cars94.xml,176,210,251,248
Cars95.xml,278,182,407,263
Cars96.xml,133,126,261,160
Cars98.xml,85,196,247,259
Cars99.xml,70,198,262,271
